{"cameraMode":{"drawMode":0,"name":"Shaded","section":"Shading Mode"},"sceneLighting":true,"audioPlay":false,"sceneViewState":{"m_AlwaysRefresh":false,"showFog":true,"showSkybox":true,"showFlares":true,"showImageEffects":true,"showParticleSystems":true,"showVisualEffectGraphs":true,"m_FxEnabled":true},"in2DMode":false,"pivot":{"x":148.07476806640626,"y":-0.0761071965098381,"z":385.0749206542969},"rotation":{"x":0.29766055941581728,"y":0.08039391040802002,"z":-0.025096407160162927,"w":0.9510764479637146},"size":11.679194450378418,"orthographic":false}